{
    "32": {
        "0.5": {
            "normalized_aoc": 0.5412769256474521,
            "individual_aocs": [
                0.6813129490392649,
                0.4677733500417711,
                0.5024538011695907,
                0.6050127819548873,
                0.4498317460317461
            ],
            "config": {
                "learning_rate": 0.005,
                "gamma": 0.99,
                "hidden_dim": 64,
                "num_hidden_layers": 2,
                "epsilon": 0.2,
                "rb_capacity": 32,
                "rb_batch_size": 0.5
            }
        },
        "1": {
            "normalized_aoc": 0.6345219883040936,
            "individual_aocs": [
                0.6952604845446951,
                0.5907631578947369,
                0.5737063492063492,
                0.7846758563074352,
                0.5282040935672514
            ],
            "config": {
                "learning_rate": 0.005,
                "gamma": 0.99,
                "hidden_dim": 64,
                "num_hidden_layers": 2,
                "epsilon": 0.2,
                "rb_capacity": 32,
                "rb_batch_size": 1
            }
        },
        "8": {
            "normalized_aoc": 0.7154447786131997,
            "individual_aocs": [
                0.683674686716792,
                0.7002039264828739,
                0.7080228905597327,
                0.7466385129490393,
                0.7386838763575606
            ],
            "config": {
                "learning_rate": 0.005,
                "gamma": 0.99,
                "hidden_dim": 64,
                "num_hidden_layers": 2,
                "epsilon": 0.2,
                "rb_capacity": 32,
                "rb_batch_size": 8
            }
        },
        "32": {
            "normalized_aoc": 0.6783217376775272,
            "individual_aocs": [
                0.588766081871345,
                0.7469110275689224,
                0.686972932330827,
                0.6947885547201338,
                0.6741700918964076
            ],
            "config": {
                "learning_rate": 0.005,
                "gamma": 0.99,
                "hidden_dim": 64,
                "num_hidden_layers": 2,
                "epsilon": 0.2,
                "rb_capacity": 32,
                "rb_batch_size": 32
            }
        },
        "128": {
            "normalized_aoc": 0.019790543024227236,
            "individual_aocs": [
                0.0241530492898914,
                0.01869281537176274,
                0.01868337510442774,
                0.01871938178780284,
                0.018704093567251463
            ],
            "config": {
                "learning_rate": 0.005,
                "gamma": 0.99,
                "hidden_dim": 64,
                "num_hidden_layers": 2,
                "epsilon": 0.2,
                "rb_capacity": 32,
                "rb_batch_size": 128
            }
        }
    },
    "128": {
        "0.5": {
            "normalized_aoc": 0.48781677527151207,
            "individual_aocs": [
                0.5005147869674186,
                0.5008751879699248,
                0.6081013366750209,
                0.41645238095238096,
                0.4131401837928154
            ],
            "config": {
                "learning_rate": 0.005,
                "gamma": 0.99,
                "hidden_dim": 64,
                "num_hidden_layers": 2,
                "epsilon": 0.2,
                "rb_capacity": 128,
                "rb_batch_size": 0.5
            }
        },
        "1": {
            "normalized_aoc": 0.6707903425229741,
            "individual_aocs": [
                0.6581018379281537,
                0.6721612364243943,
                0.6936732664995824,
                0.6722757727652464,
                0.6577395989974937
            ],
            "config": {
                "learning_rate": 0.005,
                "gamma": 0.99,
                "hidden_dim": 64,
                "num_hidden_layers": 2,
                "epsilon": 0.2,
                "rb_capacity": 128,
                "rb_batch_size": 1
            }
        },
        "8": {
            "normalized_aoc": 0.6986305764411027,
            "individual_aocs": [
                0.7153127819548872,
                0.6208399331662489,
                0.7201203842940685,
                0.7222878028404345,
                0.7145919799498747
            ],
            "config": {
                "learning_rate": 0.005,
                "gamma": 0.99,
                "hidden_dim": 64,
                "num_hidden_layers": 2,
                "epsilon": 0.2,
                "rb_capacity": 128,
                "rb_batch_size": 8
            }
        },
        "32": {
            "normalized_aoc": 0.6843264494569757,
            "individual_aocs": [
                0.7170398496240602,
                0.6117081035923141,
                0.6962732664995822,
                0.7375397660818712,
                0.6590712614870509
            ],
            "config": {
                "learning_rate": 0.005,
                "gamma": 0.99,
                "hidden_dim": 64,
                "num_hidden_layers": 2,
                "epsilon": 0.2,
                "rb_capacity": 128,
                "rb_batch_size": 32
            }
        },
        "128": {
            "normalized_aoc": 0.6701471010860485,
            "individual_aocs": [
                0.7570791144527985,
                0.7304692564745195,
                0.5652342522974102,
                0.57915455304929,
                0.718798329156224
            ],
            "config": {
                "learning_rate": 0.005,
                "gamma": 0.99,
                "hidden_dim": 64,
                "num_hidden_layers": 2,
                "epsilon": 0.2,
                "rb_capacity": 128,
                "rb_batch_size": 128
            }
        }
    },
    "1024": {
        "0.5": {
            "normalized_aoc": 0.4676296574770259,
            "individual_aocs": [
                0.48972882205513785,
                0.5454335839598997,
                0.5346155388471178,
                0.1653846282372598,
                0.6029857142857142
            ],
            "config": {
                "learning_rate": 0.005,
                "gamma": 0.99,
                "hidden_dim": 64,
                "num_hidden_layers": 2,
                "epsilon": 0.2,
                "rb_capacity": 1024,
                "rb_batch_size": 0.5
            }
        },
        "1": {
            "normalized_aoc": 0.5283265831244778,
            "individual_aocs": [
                0.36187443609022557,
                0.5470572263993317,
                0.5824980785296574,
                0.6007973266499582,
                0.5494058479532163
            ],
            "config": {
                "learning_rate": 0.005,
                "gamma": 0.99,
                "hidden_dim": 64,
                "num_hidden_layers": 2,
                "epsilon": 0.2,
                "rb_capacity": 1024,
                "rb_batch_size": 1
            }
        },
        "8": {
            "normalized_aoc": 0.5762110776942356,
            "individual_aocs": [
                0.650649373433584,
                0.5694593149540519,
                0.42738237259816203,
                0.7102439431913116,
                0.5233203842940686
            ],
            "config": {
                "learning_rate": 0.005,
                "gamma": 0.99,
                "hidden_dim": 64,
                "num_hidden_layers": 2,
                "epsilon": 0.2,
                "rb_capacity": 1024,
                "rb_batch_size": 8
            }
        },
        "32": {
            "normalized_aoc": 0.7077213199665832,